Date,Timestamp,Source engine bytes processed,Source pre-filter inserts,Source pre-filter updates,Source pre-filter deletes
,,Source Engine,Source Engine,Source Engine,Source Engine
,,3702,3704,3705,3706
,,LONG,LONG,LONG,LONG
,,CUMULATIVE,CUMULATIVE,CUMULATIVE,CUMULATIVE
06/05/2022 14h14min41s BRT,1651857281000,0,0,0,0
06/05/2022 14h14min46s BRT,1651857286000,0,0,0,0
06/05/2022 14h14min51s BRT,1651857291000,0,0,0,0
06/05/2022 14h14min56s BRT,1651857296000,0,0,0,0
06/05/2022 14h15min01s BRT,1651857301000,0,0,0,0
06/05/2022 14h15min06s BRT,1651857306000,0,0,0,0
06/05/2022 14h15min11s BRT,1651857311000,0,0,0,0
06/05/2022 14h15min16s BRT,1651857316000,0,0,0,0
06/05/2022 14h15min21s BRT,1651857321000,0,0,0,0
06/05/2022 14h15min26s BRT,1651857326000,0,0,0,0
06/05/2022 14h15min31s BRT,1651857331000,0,0,0,0
06/05/2022 14h15min36s BRT,1651857336000,0,0,0,0
06/05/2022 14h15min41s BRT,1651857341000,0,0,0,0
06/05/2022 14h15min46s BRT,1651857346000,0,0,0,0
06/05/2022 14h15min51s BRT,1651857351000,0,0,0,0
06/05/2022 14h15min56s BRT,1651857356000,0,0,0,0
06/05/2022 14h16min01s BRT,1651857361000,0,0,0,0
