Date,Timestamp,Source engine bytes processed,Source pre-filter inserts,Source pre-filter updates,Source pre-filter deletes
,,Source Engine,Source Engine,Source Engine,Source Engine
,,3702,3704,3705,3706
,,LONG,LONG,LONG,LONG
,,CUMULATIVE,CUMULATIVE,CUMULATIVE,CUMULATIVE
20/11/2021 12h13min25s BRST,1637417605000,0,0,0,0
20/11/2021 12h13min30s BRST,1637417610000,0,0,0,0
20/11/2021 12h13min35s BRST,1637417615000,0,0,0,0
20/11/2021 12h13min40s BRST,1637417620000,0,0,0,0
20/11/2021 12h13min45s BRST,1637417625000,0,0,0,0
20/11/2021 12h13min50s BRST,1637417630000,0,0,0,0
20/11/2021 12h13min55s BRST,1637417635000,0,0,0,0
20/11/2021 12h14min00s BRST,1637417640000,0,0,0,0
20/11/2021 12h14min05s BRST,1637417645000,0,0,0,0
20/11/2021 12h14min10s BRST,1637417650000,0,0,0,0
20/11/2021 12h14min15s BRST,1637417655000,0,0,0,0
20/11/2021 12h14min20s BRST,1637417660000,0,0,0,0
20/11/2021 12h14min25s BRST,1637417665000,0,0,0,0
20/11/2021 12h14min30s BRST,1637417670000,0,0,0,0
20/11/2021 12h14min36s BRST,1637417676000,0,0,0,0
20/11/2021 12h14min41s BRST,1637417681000,0,0,0,0
20/11/2021 12h14min46s BRST,1637417686000,0,0,0,0
20/11/2021 12h14min51s BRST,1637417691000,0,0,0,0
20/11/2021 12h14min56s BRST,1637417696000,0,0,0,0
