Date,Timestamp,Source engine bytes processed,Source pre-filter inserts,Source pre-filter updates,Source pre-filter deletes
,,Source Engine,Source Engine,Source Engine,Source Engine
,,3702,3704,3705,3706
,,LONG,LONG,LONG,LONG
,,CUMULATIVE,CUMULATIVE,CUMULATIVE,CUMULATIVE
11/05/2022 12h19min35s BRT,1652282375000,0,0,0,0
11/05/2022 12h19min40s BRT,1652282380000,0,0,0,0
11/05/2022 12h19min45s BRT,1652282385000,0,0,0,0
11/05/2022 12h19min50s BRT,1652282390000,0,0,0,0
11/05/2022 12h19min55s BRT,1652282395000,0,0,0,0
11/05/2022 12h20min00s BRT,1652282400000,0,0,0,0
11/05/2022 12h20min05s BRT,1652282405000,0,0,0,0
11/05/2022 12h20min10s BRT,1652282410000,0,0,0,0
11/05/2022 12h20min15s BRT,1652282415000,0,0,0,0
11/05/2022 12h20min20s BRT,1652282420000,0,0,0,0
11/05/2022 12h20min25s BRT,1652282425000,0,0,0,0
11/05/2022 12h20min30s BRT,1652282430000,0,0,0,0
11/05/2022 12h20min35s BRT,1652282435000,0,0,0,0
11/05/2022 12h20min40s BRT,1652282440000,0,0,0,0
