Date,Timestamp,Source Log Reader,Source Engine,Communications,Target Engine,Target Database,Latency value (seconds)
,,Bottleneck,Bottleneck,Bottleneck,Bottleneck,Bottleneck,Target Apply
,,1000401,1000402,1000403,1000404,1000405,216
,,LONG,LONG,LONG,LONG,LONG,LONG
,,ACTUAL,ACTUAL,ACTUAL,ACTUAL,ACTUAL,ACTUAL
21/06/2022 16h16min31s BRT,1655838991508,0,0,0,0,1,342738
21/06/2022 16h16min36s BRT,1655838996432,0,0,0,0,1,342738
21/06/2022 16h16min41s BRT,1655839001433,0,0,0,0,1,342757
21/06/2022 16h16min46s BRT,1655839006434,0,0,0,0,1,342757
21/06/2022 16h16min51s BRT,1655839011435,0,0,0,0,1,342757
21/06/2022 16h16min56s BRT,1655839016449,0,0,0,0,1,342757
21/06/2022 16h17min01s BRT,1655839021475,0,0,0,0,1,342780
21/06/2022 16h17min06s BRT,1655839026477,0,0,0,0,1,342782
21/06/2022 16h17min11s BRT,1655839031438,0,0,0,0,1,342782
