Date,Timestamp,Bytes de comunicações de destino processados,Latência de rede de destino (milissegundos),Resposta de roundtrip ausente de destino - contagem,Keep alive recebidos - contagem,Bytes recebidos - contagem,Contagem de perdas de verificação de tempo,Memória livre - bytes,Memória máxima - bytes,Memória total - bytes,Coletas de lixo - contagem,Tempo de CPU de coleta de lixo - milissegundos,Gerenciador de memória global - bytes,Erros de rede - contagem,Bytes do mecanismo de destino processados,"Inserções de ""origem"" do destino","Atualizações de ""origem"" do destino","Exclusões de ""origem"" do destino",CPU de Encadeamento – milissegundos/segundo,Linhas que avaliam expressões - contagem,Linhas que chamam banco de dados de destino - contagem,Linhas que chamam saídas de usuário - contagem,Conversões MBCS - bytes,Inserções do Apply de destino,Atualizações do Apply de destino,Exclusões do Apply de destino,CPU de Encadeamento – milissegundos/segundo,Conflitos de CDR - contagem,Mudanças do Adaptive Apply - contagem,Confirmações do Apply - contagem,Tamanho médio da matriz - contagem,Erros de dados ignorados - contagem,Operações do banco de dados lentas - contagem
,,Comunicações,Comunicações,Comunicações,Comunicações,Comunicações,Armazenamento de dados,Armazenamento de dados,Armazenamento de dados,Armazenamento de dados,Armazenamento de dados,Armazenamento de dados,Armazenamento de dados,Armazenamento de dados,Mecanismo de Destino,Mecanismo de Destino,Mecanismo de Destino,Mecanismo de Destino,Mecanismo de Destino,Mecanismo de Destino,Mecanismo de Destino,Mecanismo de Destino,Mecanismo de Destino,Apply de Destino,Apply de Destino,Apply de Destino,Apply de Destino,Apply de Destino,Apply de Destino,Apply de Destino,Apply de Destino,Apply de Destino,Apply de Destino
,,201,2403,2405,2407,2409,1001,1002,1003,1004,1005,1006,1007,2401,202,204,205,206,2101,2103,2104,2105,2106,207,208,209,2301,2303,2304,2305,2306,2307,2308
,,LONG,INTEGER,INTEGER,INTEGER,LONG,LONG,LONG,LONG,LONG,LONG,LONG,LONG,INTEGER,LONG,LONG,LONG,LONG,LONG,LONG,LONG,LONG,LONG,LONG,LONG,LONG,LONG,LONG,LONG,LONG,LONG,LONG,LONG
,,CUMULATIVE,ACTUAL,CUMULATIVE,CUMULATIVE,CUMULATIVE,ACTUAL,ACTUAL,ACTUAL,ACTUAL,CUMULATIVE,CUMULATIVE,ACTUAL,CUMULATIVE,CUMULATIVE,CUMULATIVE,CUMULATIVE,CUMULATIVE,ACTUAL,CUMULATIVE,CUMULATIVE,CUMULATIVE,CUMULATIVE,CUMULATIVE,CUMULATIVE,CUMULATIVE,ACTUAL,CUMULATIVE,CUMULATIVE,CUMULATIVE,ACTUAL,CUMULATIVE,CUMULATIVE
21/06/2022 16h30min04s BRT,1655839804720,141404305,2,0,0,142552912,2,4698235752,8589934592,5737807872,126,2505,234881024,1,242784382,239605,0,0,0,0,0,0,0,178086,0,0,0,0,0,7092,0,0,0
21/06/2022 16h30min09s BRT,1655839809720,142179425,2,0,0,143412701,2,3779855944,8589934592,5737807872,126,2505,234881024,1,244143551,240916,0,0,0,0,0,0,0,179305,0,0,1,0,0,7128,0,0,0
21/06/2022 16h30min14s BRT,1655839814721,142179425,2,0,0,143412711,2,3779139112,8589934592,5737807872,126,2505,234881024,1,244143551,240916,0,0,0,0,0,0,0,179305,0,0,0,0,0,7128,0,0,0
21/06/2022 16h30min19s BRT,1655839819722,142179425,2,0,0,143412711,2,3778364952,8589934592,5737807872,126,2505,234881024,1,244143551,240916,0,0,0,0,0,0,0,179305,0,0,0,0,0,7128,0,0,0
21/06/2022 16h30min24s BRT,1655839824723,142179425,2,0,0,143412711,2,3777787296,8589934592,5737807872,126,2505,234881024,1,244143551,240916,0,0,0,0,0,0,0,179305,0,0,0,0,0,7128,0,0,0
21/06/2022 16h30min29s BRT,1655839829723,142179425,2,0,0,143412721,2,4096453872,8589934592,5737807872,127,2523,234881024,1,245444552,240916,0,0,0,0,0,0,0,180457,0,0,1,0,0,7167,0,0,0
21/06/2022 16h30min34s BRT,1655839834724,142179425,2,0,0,143412721,2,4095749224,8589934592,5737807872,127,2523,234881024,1,245444552,240916,0,0,0,0,0,0,0,180457,0,0,0,0,0,7167,0,0,0
21/06/2022 16h30min39s BRT,1655839839725,142179425,2,0,0,143412721,2,4095011544,8589934592,5737807872,127,2523,234881024,1,245444552,240916,0,0,0,0,0,0,0,180457,0,0,0,0,0,7167,0,0,0
21/06/2022 16h30min44s BRT,1655839844725,142179425,2,0,0,143412731,2,4094474952,8589934592,5737807872,127,2523,234881024,1,245444552,240916,0,0,0,0,0,0,0,180457,0,0,0,0,0,7167,0,0,0
21/06/2022 16h30min49s BRT,1655839849726,142416209,2,0,0,143643865,2,4822431680,8589934592,5737807872,128,2539,234881024,1,246086082,241315,0,0,0,0,0,0,0,181001,0,0,0,0,0,7183,0,0,0
21/06/2022 16h30min54s BRT,1655839854726,142416209,2,0,0,143643865,2,4431586288,8589934592,5737807872,128,2539,234881024,1,246738220,241315,0,0,0,0,0,0,0,181535,0,0,0,0,0,7203,0,0,0
21/06/2022 16h30min59s BRT,1655839859727,142416209,2,0,0,143643875,2,4430832488,8589934592,5737807872,128,2539,234881024,1,246738220,241315,0,0,0,0,0,0,0,181535,0,0,0,0,0,7203,0,0,0
21/06/2022 16h31min04s BRT,1655839864728,142416209,2,0,0,143643875,2,4427730304,8589934592,5737807872,128,2539,234881024,1,246738220,241315,0,0,0,0,0,0,0,181535,0,0,0,0,0,7203,0,0,0
21/06/2022 16h31min09s BRT,1655839869728,142416209,2,0,0,143643875,2,4427066752,8589934592,5737807872,128,2539,234881024,1,246738220,241315,0,0,0,0,0,0,0,181535,0,0,0,0,0,7203,0,0,0
21/06/2022 16h31min14s BRT,1655839874729,143795757,2,0,0,144982413,2,4737318856,8589934592,5737807872,129,2557,234881024,1,247975240,243652,0,0,0,0,0,0,0,182574,0,0,1,0,0,7238,0,0,0
21/06/2022 16h31min19s BRT,1655839879730,143795757,2,0,0,144982413,2,4736679864,8589934592,5737807872,129,2557,234881024,1,247975240,243652,0,0,0,0,0,0,0,182574,0,0,0,0,0,7238,0,0,0
