Date,Timestamp,Bytes de comunicações de destino processados,Latência de rede de destino (milissegundos),Resposta de roundtrip ausente de destino - contagem,Keep alive recebidos - contagem,Bytes recebidos - contagem,Contagem de perdas de verificação de tempo,Memória livre - bytes,Memória máxima - bytes,Memória total - bytes,Coletas de lixo - contagem,Tempo de CPU de coleta de lixo - milissegundos,Gerenciador de memória global - bytes,Erros de rede - contagem,Bytes do mecanismo de destino processados,"Inserções de ""origem"" do destino","Atualizações de ""origem"" do destino","Exclusões de ""origem"" do destino",CPU de Encadeamento – milissegundos/segundo,Linhas que avaliam expressões - contagem,Linhas que chamam banco de dados de destino - contagem,Linhas que chamam saídas de usuário - contagem,Conversões MBCS - bytes,Inserções do Apply de destino,Atualizações do Apply de destino,Exclusões do Apply de destino,CPU de Encadeamento – milissegundos/segundo,Conflitos de CDR - contagem,Mudanças do Adaptive Apply - contagem,Confirmações do Apply - contagem,Tamanho médio da matriz - contagem,Erros de dados ignorados - contagem,Operações do banco de dados lentas - contagem
,,Comunicações,Comunicações,Comunicações,Comunicações,Comunicações,Armazenamento de dados,Armazenamento de dados,Armazenamento de dados,Armazenamento de dados,Armazenamento de dados,Armazenamento de dados,Armazenamento de dados,Armazenamento de dados,Mecanismo de Destino,Mecanismo de Destino,Mecanismo de Destino,Mecanismo de Destino,Mecanismo de Destino,Mecanismo de Destino,Mecanismo de Destino,Mecanismo de Destino,Mecanismo de Destino,Apply de Destino,Apply de Destino,Apply de Destino,Apply de Destino,Apply de Destino,Apply de Destino,Apply de Destino,Apply de Destino,Apply de Destino,Apply de Destino
,,201,2403,2405,2407,2409,1001,1002,1003,1004,1005,1006,1007,2401,202,204,205,206,2101,2103,2104,2105,2106,207,208,209,2301,2303,2304,2305,2306,2307,2308
,,LONG,INTEGER,INTEGER,INTEGER,LONG,LONG,LONG,LONG,LONG,LONG,LONG,LONG,INTEGER,LONG,LONG,LONG,LONG,LONG,LONG,LONG,LONG,LONG,LONG,LONG,LONG,LONG,LONG,LONG,LONG,LONG,LONG,LONG
,,CUMULATIVE,ACTUAL,CUMULATIVE,CUMULATIVE,CUMULATIVE,ACTUAL,ACTUAL,ACTUAL,ACTUAL,CUMULATIVE,CUMULATIVE,ACTUAL,CUMULATIVE,CUMULATIVE,CUMULATIVE,CUMULATIVE,CUMULATIVE,ACTUAL,CUMULATIVE,CUMULATIVE,CUMULATIVE,CUMULATIVE,CUMULATIVE,CUMULATIVE,CUMULATIVE,ACTUAL,CUMULATIVE,CUMULATIVE,CUMULATIVE,ACTUAL,CUMULATIVE,CUMULATIVE
21/06/2022 16h25min49s BRT,1655839549681,133053207,2,0,0,134140356,2,4662804704,8589934592,5737807872,117,2359,234881024,1,226940321,225469,0,0,0,0,0,0,0,164632,0,0,0,0,0,6634,0,0,0
21/06/2022 16h25min54s BRT,1655839554683,133053207,2,0,0,134140356,2,4661928160,8589934592,5737807872,117,2359,234881024,1,226940321,225469,0,0,0,0,0,0,0,164632,0,0,0,0,0,6634,0,0,0
21/06/2022 16h25min59s BRT,1655839559684,134097024,2,0,0,135194189,2,4982183256,8589934592,5737807872,118,2377,234881024,1,228643997,227236,0,0,0,0,0,0,0,165783,0,0,1,0,0,6685,0,0,0
21/06/2022 16h26min04s BRT,1655839564684,134097024,2,0,0,135194189,2,4979504336,8589934592,5737807872,118,2377,234881024,1,228643997,227236,0,0,1,0,0,0,0,165783,0,0,0,0,0,6685,0,0,0
21/06/2022 16h26min09s BRT,1655839569685,134097024,2,0,0,135194189,2,4978885840,8589934592,5737807872,118,2377,234881024,1,228643997,227236,0,0,0,0,0,0,0,165783,0,0,0,0,0,6685,0,0,0
21/06/2022 16h26min14s BRT,1655839574686,134097024,2,0,0,135194199,2,4978226368,8589934592,5737807872,118,2377,234881024,1,228643997,227236,0,0,0,0,0,0,0,165783,0,0,0,0,0,6685,0,0,0
21/06/2022 16h26min19s BRT,1655839579687,134097024,2,0,0,135194199,2,4977914936,8589934592,5737807872,118,2377,234881024,1,228643997,227236,0,0,0,0,0,0,0,165783,0,0,0,0,0,6685,0,0,0
21/06/2022 16h26min24s BRT,1655839584688,134164613,2,0,0,135266012,2,4065353336,8589934592,5737807872,118,2377,234881024,1,229503972,227350,0,0,0,0,0,0,0,166851,0,0,1,0,0,6710,0,0,0
21/06/2022 16h26min29s BRT,1655839589689,134164613,2,0,0,135266022,2,4064693744,8589934592,5737807872,118,2377,234881024,1,229503972,227350,0,0,0,0,0,0,0,166851,0,0,0,0,0,6710,0,0,0
21/06/2022 16h26min34s BRT,1655839594690,134164613,2,0,0,135266022,2,4064226784,8589934592,5737807872,118,2377,234881024,1,229503972,227350,0,0,0,0,0,0,0,166851,0,0,0,0,0,6710,0,0,0
21/06/2022 16h26min39s BRT,1655839599691,134164613,2,0,0,135266022,2,4063542352,8589934592,5737807872,118,2377,234881024,1,229503972,227350,0,0,0,0,0,0,0,166851,0,0,0,0,0,6710,0,0,0
21/06/2022 16h26min44s BRT,1655839604692,134433900,2,0,0,135461637,2,3828123480,8589934592,5737807872,118,2377,234881024,1,229982972,227806,0,0,0,0,0,0,0,167078,0,0,0,0,0,6724,0,0,0
21/06/2022 16h26min49s BRT,1655839609695,135341460,2,0,0,136442174,2,4375698560,8589934592,5737807872,119,2391,234881024,1,230786362,229345,0,0,0,0,0,0,0,167877,0,0,1,0,0,6747,0,0,0
21/06/2022 16h26min54s BRT,1655839614696,135341460,2,0,0,136442174,2,4375030912,8589934592,5737807872,119,2391,234881024,1,230786362,229345,0,0,0,0,0,0,0,167877,0,0,0,0,0,6747,0,0,0
21/06/2022 16h26min59s BRT,1655839619697,135341460,2,0,0,136442184,2,4373986416,8589934592,5737807872,119,2391,234881024,1,230786362,229345,0,0,0,0,0,0,0,167877,0,0,0,0,0,6747,0,0,0
21/06/2022 16h27min04s BRT,1655839624697,135341460,2,0,0,136442184,2,4369861432,8589934592,5737807872,119,2391,234881024,1,230786362,229345,0,0,0,0,0,0,0,167877,0,0,0,0,0,6747,0,0,0
21/06/2022 16h27min09s BRT,1655839629698,135341460,2,0,0,136442184,2,4678050272,8589934592,5737807872,120,2407,234881024,1,232497955,229345,0,0,0,0,0,0,0,169197,0,0,1,0,0,6798,0,0,0
21/06/2022 16h27min14s BRT,1655839634699,135341460,2,0,0,136442194,2,4677529944,8589934592,5737807872,120,2407,234881024,1,232497955,229345,0,0,0,0,0,0,0,169197,0,0,0,0,0,6798,0,0,0
21/06/2022 16h27min19s BRT,1655839639700,135341460,2,0,0,136442194,2,4676518216,8589934592,5737807872,120,2407,234881024,1,232497955,229345,0,0,0,0,0,0,0,169197,0,0,0,0,0,6798,0,0,0
21/06/2022 16h27min24s BRT,1655839644700,135341460,2,0,0,136442194,2,4675936584,8589934592,5737807872,120,2407,234881024,1,232497955,229345,0,0,0,0,0,0,0,169197,0,0,0,0,0,6798,0,0,0
21/06/2022 16h27min29s BRT,1655839649701,136788943,2,0,0,137912213,2,3760481672,8589934592,5737807872,120,2407,234881024,1,233770818,231796,0,0,0,0,0,0,0,170150,0,0,1,0,0,6834,0,0,0
21/06/2022 16h27min34s BRT,1655839654702,136788943,2,0,0,137912213,2,3759813208,8589934592,5737807872,120,2407,234881024,1,233770818,231796,0,0,0,0,0,0,0,170150,0,0,0,0,0,6834,0,0,0
21/06/2022 16h27min39s BRT,1655839659703,136788943,2,0,0,137912213,2,3759313112,8589934592,5737807872,120,2407,234881024,1,233770818,231796,0,0,0,0,0,0,0,170150,0,0,0,0,0,6834,0,0,0
21/06/2022 16h27min44s BRT,1655839664704,137025965,2,0,0,138144101,2,4071350696,8589934592,5737807872,121,2423,234881024,1,235060543,232195,0,0,0,0,0,0,0,171369,0,0,1,0,0,6871,0,0,0
21/06/2022 16h27min49s BRT,1655839669704,137025965,2,0,0,138144116,2,4070559232,8589934592,5737807872,121,2423,234881024,1,235060543,232195,0,0,0,0,0,0,0,171369,0,0,0,0,0,6871,0,0,0
21/06/2022 16h27min54s BRT,1655839674705,137025965,2,0,0,138144116,2,4069932544,8589934592,5737807872,121,2423,234881024,1,235060543,232195,0,0,0,0,0,0,0,171369,0,0,0,0,0,6871,0,0,0
21/06/2022 16h27min59s BRT,1655839679705,137025965,2,0,0,138144126,2,4069252352,8589934592,5737807872,121,2423,234881024,1,235060543,232195,0,0,0,0,0,0,0,171369,0,0,0,0,0,6871,0,0,0
21/06/2022 16h28min04s BRT,1655839684706,138407114,2,0,0,139536677,2,4369819312,8589934592,5737807872,122,2437,234881024,1,236351947,234532,0,0,0,0,0,0,0,172548,0,0,1,0,0,6910,0,0,0
21/06/2022 16h28min09s BRT,1655839689707,138407114,2,0,0,139536677,2,4369319600,8589934592,5737807872,122,2437,234881024,1,236351947,234532,0,0,0,0,0,0,0,172548,0,0,0,0,0,6910,0,0,0
21/06/2022 16h28min14s BRT,1655839694707,138407114,2,0,0,139536687,2,4368672416,8589934592,5737807872,122,2437,234881024,1,236351947,234532,0,0,0,0,0,0,0,172548,0,0,0,0,0,6910,0,0,0
21/06/2022 16h28min19s BRT,1655839699707,138407114,2,0,0,139536687,2,4367966560,8589934592,5737807872,122,2437,234881024,1,236351947,234532,0,0,0,0,0,0,0,172548,0,0,0,0,0,6910,0,0,0
21/06/2022 16h28min24s BRT,1655839704708,138844456,2,0,0,139981543,2,4667248248,8589934592,5737807872,123,2452,234881024,1,237643759,235273,0,0,0,0,0,0,0,173655,0,0,1,0,0,6946,0,0,0
21/06/2022 16h28min29s BRT,1655839709709,138844456,2,0,0,139981553,2,4666920552,8589934592,5737807872,123,2452,234881024,1,237643759,235273,0,0,0,0,0,0,0,173655,0,0,0,0,0,6946,0,0,0
21/06/2022 16h28min34s BRT,1655839714709,138844456,2,0,0,139981553,2,4665970264,8589934592,5737807872,123,2452,234881024,1,237643759,235273,0,0,0,0,0,0,0,173655,0,0,0,0,0,6946,0,0,0
21/06/2022 16h28min39s BRT,1655839719709,138877979,2,0,0,139999313,2,4477979776,8589934592,5737807872,123,2452,234881024,1,237723931,235330,0,0,0,0,0,0,0,173804,0,0,0,0,0,6948,0,0,0
21/06/2022 16h28min44s BRT,1655839724709,139481354,2,0,0,140622214,2,3747326376,8589934592,5737807872,123,2452,234881024,1,238924328,236356,0,0,0,0,0,0,0,174709,0,0,1,0,0,6982,0,0,0
21/06/2022 16h28min49s BRT,1655839729710,139481354,2,0,0,140622214,2,3746681960,8589934592,5737807872,123,2452,234881024,1,238924328,236356,0,0,0,0,0,0,0,174709,0,0,0,0,0,6982,0,0,0
21/06/2022 16h28min54s BRT,1655839734710,139481354,2,0,0,140622214,2,3746030696,8589934592,5737807872,123,2452,234881024,1,238924328,236356,0,0,0,0,0,0,0,174709,0,0,0,0,0,6982,0,0,0
21/06/2022 16h28min59s BRT,1655839739711,139481354,2,0,0,140622224,2,3745424472,8589934592,5737807872,123,2452,234881024,1,238924328,236356,0,0,0,0,0,0,0,174709,0,0,0,0,0,6982,0,0,0
21/06/2022 16h29min04s BRT,1655839744712,139615715,2,0,0,140747301,2,4079435640,8589934592,5737807872,124,2472,234881024,1,240279864,236584,0,0,1,0,0,0,0,175927,0,0,1,0,0,7022,0,0,0
21/06/2022 16h29min09s BRT,1655839749712,139615715,2,0,0,140747301,2,4078902672,8589934592,5737807872,124,2472,234881024,1,240279864,236584,0,0,0,0,0,0,0,175927,0,0,0,0,0,7022,0,0,0
21/06/2022 16h29min14s BRT,1655839754713,139615715,2,0,0,140747311,2,4078525024,8589934592,5737807872,124,2472,234881024,1,240279864,236584,0,0,0,0,0,0,0,175927,0,0,0,0,0,7022,0,0,0
21/06/2022 16h29min19s BRT,1655839759714,139615715,2,0,0,140747311,2,4077632080,8589934592,5737807872,124,2472,234881024,1,240279864,236584,0,0,0,0,0,0,0,175927,0,0,0,0,0,7022,0,0,0
21/06/2022 16h29min24s BRT,1655839764715,141100040,2,0,0,142249829,2,4387309864,8589934592,5737807872,125,2490,234881024,1,241501506,239092,0,0,0,0,0,0,0,176982,0,0,1,0,0,7056,0,0,0
21/06/2022 16h29min29s BRT,1655839769716,141100040,2,0,0,142249839,2,4386257176,8589934592,5737807872,125,2490,234881024,1,241501506,239092,0,0,0,0,0,0,0,176982,0,0,0,0,0,7056,0,0,0
21/06/2022 16h29min34s BRT,1655839774717,141100040,2,0,0,142249839,2,4385564936,8589934592,5737807872,125,2490,234881024,1,241501506,239092,0,0,0,0,0,0,0,176982,0,0,0,0,0,7056,0,0,0
21/06/2022 16h29min39s BRT,1655839779717,141100040,2,0,0,142249839,2,4384569208,8589934592,5737807872,125,2490,234881024,1,241501506,239092,0,0,0,0,0,0,0,176982,0,0,0,0,0,7056,0,0,0
21/06/2022 16h29min44s BRT,1655839784718,141404305,2,0,0,142552902,2,4701718560,8589934592,5737807872,126,2505,234881024,1,242784382,239605,0,0,0,0,0,0,0,178086,0,0,1,0,0,7092,0,0,0
21/06/2022 16h29min49s BRT,1655839789718,141404305,2,0,0,142552902,2,4699812864,8589934592,5737807872,126,2505,234881024,1,242784382,239605,0,0,0,0,0,0,0,178086,0,0,0,0,0,7092,0,0,0
