Date,Timestamp,Storage manager current bytes used,Storage manager maximum bytes used,Time check missed count,Global log cache hit percentage,Log cache IFI CPU (sec/100),Log cache IFI elapsed (sec/100),Source database bytes processed,Log records read,Log records in scope,Subscription log cache hit percentage,IFI CPU (sec/100),IFI elapsed (sec/100),Source engine bytes processed,Source pre-filter inserts,Source pre-filter updates,Source pre-filter deletes,Source post-filter inserts,Source post-filter updates,Source post-filter deletes,Staging space current bytes used,Staging space maximum bytes used,Derived column CPU (sec/100),Derived column elapsed (sec/100),Source communications bytes processed,Source communications wait percentage
,,Datastore,Datastore,Datastore,Log Cache,Log Cache,Log Cache,Log Reader,Log Reader,Log Reader,Log Reader,Log Reader,Log Reader,Source Engine,Source Engine,Source Engine,Source Engine,Source Engine,Source Engine,Source Engine,Source Engine,Source Engine,Source Engine,Source Engine,Communications,Communications
,,3601,3602,3603,3503,3504,3505,101,3302,3303,3304,3305,3306,102,104,105,106,107,108,109,3101,3102,3103,3104,103,3401
,,LONG,LONG,LONG,INTEGER,LONG,LONG,LONG,LONG,LONG,INTEGER,LONG,LONG,LONG,LONG,LONG,LONG,LONG,LONG,LONG,LONG,LONG,LONG,LONG,LONG,LONG
,,ACTUAL,ACTUAL,ACTUAL,ACTUAL,CUMULATIVE,CUMULATIVE,CUMULATIVE,CUMULATIVE,CUMULATIVE,ACTUAL,CUMULATIVE,CUMULATIVE,CUMULATIVE,CUMULATIVE,CUMULATIVE,CUMULATIVE,CUMULATIVE,CUMULATIVE,CUMULATIVE,ACTUAL,ACTUAL,CUMULATIVE,CUMULATIVE,CUMULATIVE,CUMULATIVE
21/06/2022 16h24min51s BRT,1655839491000,45088768,45088768,194,100,200929,3040787,179143472,809481,808419,100,256,8376,117630509,225482,0,0,225482,0,0,29824,182464,72,120,139122805,275144
21/06/2022 16h24min56s BRT,1655839496000,45088768,45088768,194,100,200932,3040814,179143472,809481,808419,100,256,8376,117630509,225482,0,0,225482,0,0,29824,182464,72,120,139122805,275144
21/06/2022 16h25min02s BRT,1655839502000,45088768,45088768,194,99,200934,3040848,179422326,810802,810194,0,256,8381,117857576,225902,0,0,225902,0,0,54336,182464,72,120,139381728,276879
21/06/2022 16h25min06s BRT,1655839506000,45088768,45088768,194,100,200936,3040884,179422326,810802,810194,100,256,8381,117857576,225902,0,0,225902,0,0,54336,182464,72,120,139381728,276879
21/06/2022 16h25min11s BRT,1655839511000,45088768,45088768,194,100,200940,3040961,179422326,810802,810194,100,256,8381,117857576,225902,0,0,225902,0,0,54336,182464,72,120,139381728,276879
