Date,Timestamp,Source Log Reader,Source Engine,Communications,Target Engine,Target Database,Latency value (seconds)
,,Bottleneck,Bottleneck,Bottleneck,Bottleneck,Bottleneck,Target Apply
,,1000401,1000402,1000403,1000404,1000405,216
,,LONG,LONG,LONG,LONG,LONG,LONG
,,ACTUAL,ACTUAL,ACTUAL,ACTUAL,ACTUAL,ACTUAL
21/06/2022 16h24min51s BRT,1655839491647,0,0,0,0,1,342868
21/06/2022 16h24min56s BRT,1655839496650,0,0,0,0,1,342868
21/06/2022 16h25min01s BRT,1655839501795,0,0,0,0,1,342885
21/06/2022 16h25min06s BRT,1655839506659,0,0,0,0,1,342885
21/06/2022 16h25min11s BRT,1655839511658,0,0,0,0,1,342885
