Date,Timestamp,Source engine bytes processed,Source pre-filter inserts,Source pre-filter updates,Source pre-filter deletes
,,Source Engine,Source Engine,Source Engine,Source Engine
,,3702,3704,3705,3706
,,LONG,LONG,LONG,LONG
,,CUMULATIVE,CUMULATIVE,CUMULATIVE,CUMULATIVE
21/02/2022 13h26min05s BRT,1645460765000,64116,274,0,0
21/02/2022 13h26min05s BRT,1645460765000,64116,274,0,0
21/02/2022 13h26min05s BRT,1645460765000,64116,274,0,0
21/02/2022 13h26min05s BRT,1645460765000,64116,274,0,0
21/02/2022 13h26min05s BRT,1645460765000,64116,274,0,0
21/02/2022 13h26min05s BRT,1645460765000,64116,274,0,0
21/02/2022 13h26min10s BRT,1645460770000,64116,274,0,0
21/02/2022 13h26min15s BRT,1645460775000,64116,274,0,0
21/02/2022 13h26min20s BRT,1645460780000,64116,274,0,0
21/02/2022 13h26min25s BRT,1645460785000,64116,274,0,0
21/02/2022 13h26min30s BRT,1645460790000,64116,274,0,0
21/02/2022 13h26min35s BRT,1645460795000,64116,274,0,0
21/02/2022 13h26min40s BRT,1645460800000,64116,274,0,0
