Date,Timestamp,Bytes de comunicações de destino processados,Latência de rede de destino (milissegundos),Resposta de roundtrip ausente de destino - contagem,Keep alive recebidos - contagem,Bytes recebidos - contagem,Bytes do mecanismo de destino processados,"Inserções de ""origem"" do destino","Atualizações de ""origem"" do destino","Exclusões de ""origem"" do destino",CPU de Encadeamento – milissegundos/segundo,Linhas que avaliam expressões - contagem,Linhas que chamam banco de dados de destino - contagem,Linhas que chamam saídas de usuário - contagem,Conversões MBCS - bytes
,,Comunicações,Comunicações,Comunicações,Comunicações,Comunicações,Mecanismo de Destino,Mecanismo de Destino,Mecanismo de Destino,Mecanismo de Destino,Mecanismo de Destino,Mecanismo de Destino,Mecanismo de Destino,Mecanismo de Destino,Mecanismo de Destino
,,201,2403,2405,2407,2409,202,204,205,206,2101,2103,2104,2105,2106
,,LONG,INTEGER,INTEGER,INTEGER,LONG,LONG,LONG,LONG,LONG,LONG,LONG,LONG,LONG,LONG
,,CUMULATIVE,ACTUAL,CUMULATIVE,CUMULATIVE,CUMULATIVE,CUMULATIVE,CUMULATIVE,CUMULATIVE,CUMULATIVE,ACTUAL,CUMULATIVE,CUMULATIVE,CUMULATIVE,CUMULATIVE
25/07/2023 17h19min26s BRT,1690316366022,31796,2,0,0,86913,27212,0,17,0,0,0,0,0,0
25/07/2023 17h19min31s BRT,1690316371022,31962,2,0,0,87389,27212,0,17,0,0,0,0,0,0
25/07/2023 17h19min36s BRT,1690316376023,32128,2,0,0,87555,27212,0,17,0,0,0,0,0,0
25/07/2023 17h19min41s BRT,1690316381024,32294,2,0,0,87721,27212,0,17,0,0,0,0,0,0
25/07/2023 17h19min46s BRT,1690316386024,32460,2,0,0,88197,27212,0,17,0,0,0,0,0,0
25/07/2023 17h19min51s BRT,1690316391025,32626,2,0,0,88363,27212,0,17,0,0,0,0,0,0
25/07/2023 17h19min56s BRT,1690316396026,32792,2,0,0,88529,27212,0,17,0,0,0,0,0,0
25/07/2023 17h20min01s BRT,1690316401026,32958,2,0,0,89005,27212,0,17,0,0,0,0,0,0
25/07/2023 17h20min06s BRT,1690316406027,33124,2,0,0,89171,27212,0,17,0,0,0,0,0,0
25/07/2023 17h20min11s BRT,1690316411027,33290,2,0,0,89337,27212,0,17,0,0,0,0,0,0
25/07/2023 17h20min16s BRT,1690316416027,33456,2,0,0,89813,27212,0,17,0,0,0,0,0,0
25/07/2023 17h20min21s BRT,1690316421028,33622,2,0,0,89979,27212,0,17,0,0,0,0,0,0
25/07/2023 17h20min26s BRT,1690316426028,33788,2,0,0,90145,27212,0,17,0,0,0,0,0,0
25/07/2023 17h20min31s BRT,1690316431028,33954,2,0,0,90621,27212,0,17,0,0,0,0,0,0
25/07/2023 17h20min36s BRT,1690316436029,34120,2,0,0,90787,27212,0,17,0,0,0,0,0,0
25/07/2023 17h20min41s BRT,1690316441030,34286,2,0,0,90953,27212,0,17,0,0,0,0,0,0
25/07/2023 17h20min46s BRT,1690316446030,34452,2,0,0,91429,27212,0,17,0,0,0,0,0,0
25/07/2023 17h20min51s BRT,1690316451031,34618,2,0,0,91595,27212,0,17,0,0,0,0,0,0
25/07/2023 17h20min56s BRT,1690316456032,34784,2,0,0,91761,27212,0,17,0,0,0,0,0,0
25/07/2023 17h21min01s BRT,1690316461032,34950,2,0,0,92237,27212,0,17,0,0,0,0,0,0
25/07/2023 17h21min06s BRT,1690316466033,35116,2,0,0,92418,27212,0,17,0,0,0,0,0,0
25/07/2023 17h21min11s BRT,1690316471034,35282,2,0,0,92584,27212,0,17,0,0,0,0,0,0
25/07/2023 17h21min16s BRT,1690316476035,35448,2,0,0,93060,27212,0,17,0,0,0,0,0,0
25/07/2023 17h21min21s BRT,1690316481036,35614,2,0,0,93226,27212,0,17,0,0,0,0,0,0
25/07/2023 17h21min26s BRT,1690316486036,35780,2,0,0,93392,27212,0,17,0,0,0,0,0,0
25/07/2023 17h21min31s BRT,1690316491037,35946,2,0,0,93868,27212,0,17,0,0,0,0,0,0
25/07/2023 17h21min36s BRT,1690316496037,36112,1,0,0,94049,27212,0,17,0,0,0,0,0,0
25/07/2023 17h21min41s BRT,1690316501038,36278,1,0,0,94215,27212,0,17,0,0,0,0,0,0
25/07/2023 17h21min46s BRT,1690316506038,36444,1,0,0,94691,27212,0,17,0,0,0,0,0,0
25/07/2023 17h21min51s BRT,1690316511039,36610,1,0,0,94857,27212,0,17,0,0,0,0,0,0
25/07/2023 17h21min56s BRT,1690316516040,36776,1,0,0,95023,27212,0,17,0,0,0,0,0,0
