Date,Timestamp,Bytes do mecanismo de origem processados,Inserções do pré-filtro de origem,Atualizações do pré-filtro de origem,Exclusões do pré-filtro de origem
,,Mecanismo de Origem,Mecanismo de Origem,Mecanismo de Origem,Mecanismo de Origem
,,1601,1602,1603,1604
,,LONG,LONG,LONG,LONG
,,CUMULATIVE,CUMULATIVE,CUMULATIVE,CUMULATIVE
22/04/2024 11h20min48s BRT,1713795648645,7322,1,0,100
22/04/2024 11h20min53s BRT,1713795653646,7322,1,0,100
22/04/2024 11h20min58s BRT,1713795658647,7322,1,0,100
22/04/2024 11h21min03s BRT,1713795663647,7322,1,0,100
22/04/2024 11h21min08s BRT,1713795668648,7322,1,0,100
22/04/2024 11h21min13s BRT,1713795673650,7322,1,0,100
22/04/2024 11h21min18s BRT,1713795678651,7322,1,0,100
22/04/2024 11h21min23s BRT,1713795683651,7322,1,0,100
22/04/2024 11h21min28s BRT,1713795688652,7322,1,0,100
22/04/2024 11h21min33s BRT,1713795693653,7322,1,0,100
22/04/2024 11h21min38s BRT,1713795698654,7322,1,0,100
22/04/2024 11h21min43s BRT,1713795703655,7322,1,0,100
22/04/2024 11h21min48s BRT,1713795708653,7322,1,0,100
22/04/2024 11h21min53s BRT,1713795713654,7322,1,0,100
22/04/2024 11h21min58s BRT,1713795718655,7322,1,0,100
22/04/2024 11h22min03s BRT,1713795723655,7322,1,0,100
