Date,Timestamp,Bytes do mecanismo de origem processados,Inserções do pré-filtro de origem,Atualizações do pré-filtro de origem,Exclusões do pré-filtro de origem
,,Mecanismo de Origem,Mecanismo de Origem,Mecanismo de Origem,Mecanismo de Origem
,,1601,1602,1603,1604
,,LONG,LONG,LONG,LONG
,,CUMULATIVE,CUMULATIVE,CUMULATIVE,CUMULATIVE
22/04/2024 12h53min45s BRT,1713801225277,0,0,0,0
22/04/2024 12h53min50s BRT,1713801230278,0,0,0,0
22/04/2024 12h53min55s BRT,1713801235279,0,0,0,0
22/04/2024 12h54min00s BRT,1713801240284,0,0,0,0
22/04/2024 12h54min05s BRT,1713801245284,0,0,0,0
22/04/2024 12h54min10s BRT,1713801250285,0,0,0,0
22/04/2024 12h54min15s BRT,1713801255286,0,0,0,0
22/04/2024 12h54min20s BRT,1713801260287,0,0,0,0
22/04/2024 12h54min25s BRT,1713801265287,0,0,0,0
22/04/2024 12h54min30s BRT,1713801270288,0,0,0,0
22/04/2024 12h54min35s BRT,1713801275288,0,0,0,0
22/04/2024 12h54min40s BRT,1713801280288,0,0,0,0
22/04/2024 12h54min45s BRT,1713801285289,28990,100,0,0
22/04/2024 12h54min50s BRT,1713801290290,28990,100,0,0
22/04/2024 12h54min55s BRT,1713801295291,28990,100,0,0
