Date,Timestamp,Source engine bytes processed,Source pre-filter inserts,Source pre-filter updates,Source pre-filter deletes
,,Source Engine,Source Engine,Source Engine,Source Engine
,,3702,3704,3705,3706
,,LONG,LONG,LONG,LONG
,,CUMULATIVE,CUMULATIVE,CUMULATIVE,CUMULATIVE
05/04/2022 16h07min49s BRT,1649185669000,15833,11,7,0
05/04/2022 16h07min54s BRT,1649185674000,15833,11,7,0
05/04/2022 16h07min59s BRT,1649185679000,15833,11,7,0
05/04/2022 16h08min04s BRT,1649185684000,15833,11,7,0
05/04/2022 16h08min09s BRT,1649185689000,15833,11,7,0
05/04/2022 16h08min14s BRT,1649185694000,15833,11,7,0
05/04/2022 16h08min19s BRT,1649185699000,15833,11,7,0
05/04/2022 16h08min24s BRT,1649185704000,15833,11,7,0
05/04/2022 16h08min29s BRT,1649185709000,16501,12,7,0
05/04/2022 16h08min34s BRT,1649185714000,16501,12,7,0
