Date,Timestamp,Source engine bytes processed,Source pre-filter inserts,Source pre-filter updates,Source pre-filter deletes
,,Source Engine,Source Engine,Source Engine,Source Engine
,,3702,3704,3705,3706
,,LONG,LONG,LONG,LONG
,,CUMULATIVE,CUMULATIVE,CUMULATIVE,CUMULATIVE
24/03/2022 22h25min01s BRT,1648171501000,0,0,0,0
24/03/2022 22h25min06s BRT,1648171506000,0,0,0,0
24/03/2022 22h25min11s BRT,1648171511000,0,0,0,0
24/03/2022 22h25min16s BRT,1648171516000,0,0,0,0
24/03/2022 22h25min21s BRT,1648171521000,0,0,0,0
24/03/2022 22h25min26s BRT,1648171526000,0,0,0,0
24/03/2022 22h25min31s BRT,1648171531000,0,0,0,0
24/03/2022 22h25min36s BRT,1648171536000,0,0,0,0
24/03/2022 22h25min41s BRT,1648171541000,0,0,0,0
24/03/2022 22h25min46s BRT,1648171546000,0,0,0,0
24/03/2022 22h25min51s BRT,1648171551000,0,0,0,0
24/03/2022 22h25min56s BRT,1648171556000,0,0,0,0
24/03/2022 22h26min01s BRT,1648171561000,0,0,0,0
24/03/2022 22h26min06s BRT,1648171566000,0,0,0,0
24/03/2022 22h26min11s BRT,1648171571000,0,0,0,0
24/03/2022 22h26min16s BRT,1648171576000,0,0,0,0
24/03/2022 22h26min21s BRT,1648171581000,0,0,0,0
