Date,Timestamp,Source engine bytes processed,Source pre-filter inserts,Source pre-filter updates,Source pre-filter deletes
,,Source Engine,Source Engine,Source Engine,Source Engine
,,3702,3704,3705,3706
,,LONG,LONG,LONG,LONG
,,CUMULATIVE,CUMULATIVE,CUMULATIVE,CUMULATIVE
16/02/2022 19h18min04s BRST,1645046284000,3583331,4774,410,0
16/02/2022 19h18min09s BRST,1645046289000,3583331,4774,410,0
16/02/2022 19h18min14s BRST,1645046294000,3583331,4774,410,0
16/02/2022 19h18min19s BRST,1645046299000,3583331,4774,410,0
16/02/2022 19h18min24s BRST,1645046304000,3583331,4774,410,0
16/02/2022 19h18min29s BRST,1645046309000,3583331,4774,410,0
16/02/2022 19h18min34s BRST,1645046314000,3583331,4774,410,0
16/02/2022 19h18min39s BRST,1645046319000,3583331,4774,410,0
