Date,Timestamp,Source engine bytes processed,Source pre-filter inserts,Source pre-filter updates,Source pre-filter deletes
,,Source Engine,Source Engine,Source Engine,Source Engine
,,3702,3704,3705,3706
,,LONG,LONG,LONG,LONG
,,CUMULATIVE,CUMULATIVE,CUMULATIVE,CUMULATIVE
01/04/2022 17h49min47s BRT,1648846187000,0,0,0,0
01/04/2022 17h49min52s BRT,1648846192000,0,0,0,0
01/04/2022 17h49min57s BRT,1648846197000,0,0,0,0
01/04/2022 17h50min02s BRT,1648846202000,0,0,0,0
01/04/2022 17h50min07s BRT,1648846207000,0,0,0,0
01/04/2022 17h50min12s BRT,1648846212000,0,0,0,0
01/04/2022 17h50min17s BRT,1648846217000,0,0,0,0
01/04/2022 17h50min22s BRT,1648846222000,0,0,0,0
01/04/2022 17h50min27s BRT,1648846227000,0,0,0,0
01/04/2022 17h50min32s BRT,1648846232000,0,0,0,0
01/04/2022 17h50min37s BRT,1648846237000,0,0,0,0
01/04/2022 17h50min42s BRT,1648846242000,0,0,0,0
01/04/2022 17h50min47s BRT,1648846247000,0,0,0,0
01/04/2022 17h50min52s BRT,1648846252000,0,0,0,0
